{
  "train_loss": [
    1.0166685890849847,
    0.8899036739646644,
    0.796792133447704,
    0.7610931968788243,
    0.6315345171083738,
    0.584465956800185,
    0.5646046755812153,
    0.45760746542648945,
    0.3221904031846707,
    0.23782601967822023
  ],
  "val_loss": [
    1.2742917545754104,
    1.2001120347686998,
    1.109921069038134,
    1.0845378396476195,
    0.9738799371176061,
    0.938484193430972,
    0.7005345282927641,
    0.6383827367758249,
    0.677833504013257,
    0.5739964534793579
  ]
}