{
  "train_loss": [
    0.9977692315716273,
    0.9962576688984983,
    0.9625024185579648,
    0.8524192358958202,
    0.8336833412479473,
    0.7592281809549829,
    0.7504083291762722,
    0.7071582224757936,
    0.643609375227261,
    0.6719251324866429,
    0.6424395775954772,
    0.5220830312720963,
    0.4807231685417405,
    0.49325817558771123,
    0.4465689275573878,
    0.3617263808113826,
    0.3319395800218066,
    0.350841956812348,
    0.2824599546987942,
    0.2777474931982158
  ],
  "val_loss": [
    1.2615806861469332,
    1.167165581045811,
    1.1382168721658101,
    0.9994705516784559,
    0.9949619770724989,
    1.1239727618660664,
    0.9237525598098522,
    1.0279018128866986,
    1.0193061785694528,
    0.982617536924878,
    0.8443213535106001,
    0.7377566382759078,
    0.8110878395398066,
    0.7107734735777487,
    0.7848510593713256,
    0.7318569124552285,
    0.5647351199292147,
    0.5242008995210119,
    0.6235163255317874,
    0.46221662723094287
  ]
}